Workbook

Sheet Live Test
A1: Clash Classifier – Live Test (horizontal and vertical)
A2: Clash # | B2: Orientation | C2: Zone struck | D2: Strength | E2: Zone shown | F2: Correct (Y/N)
A3: 1 | B3: Horizontal | C3: Top | D3: Light | E3: Top | F3: Y
A4: 2 | B4: Horizontal | C4: Bottom | D4: Medium | E4: Bottom | F4: Y
A5: 3 | B5: Horizontal | C5: Bottom | D5: Light | E5: Bottom | F5: Y
A6: 4 | B6: Horizontal | C6: Middle | D6: Light | E6: Middle | F6: Y
A7: 5 | B7: Horizontal | C7: Middle | D7: Medium | E7: Middle | F7: Y
A8: 7 | B8: Horizontal | C8: Middle | D8: Medium | E8: Middle | F8: Y
A9: 8 | B9: Horizontal | C9: Top | D9: Medium | E9: Bottom | F9: N
A10: 9 | B10: Horizontal | C10: Middle | D10: Light | E10: Middle | F10: N
A11: 10 | B11: Horizontal | C11: Bottom | D11: Light | E11: Bottom | F11: Y
A12: 11 | B12: Horizontal | C12: Bottom | D12: Medium | E12: Bottom | F12: Y
A13: 12 | B13: Horizontal | C13: Top | D13: Hard | E13: Top | F13: Y
A14: 13 | B14: Horizontal | C14: Bottom | D14: Medium | E14: Bottom | F14: Y
... A61: 60 | B61: Vertical | C61: Top | D61: Hard | E61: Top | F61: Y

Sheet Summary
A1: Live Test Results
A2: Calculated from the Live Test sheet – nothing to fill in here.
A4: Table for the report
A5: Orientation | B5: Clashes | C5: Correct | D5: Accuracy | E5: 95% CI low | F5: 95% CI high | G5: Not detected | H5: Detection rate
A6: Horizontal | B6: =COUNTIFS('Live Test'!$B$2:$B$61,"Horizontal",'Live Test'!$F$2:$F$61,"<>") -> 29 | C6: =COUNTIFS('Live Test'!$B$2:$B$61,"Horizontal",'Live Test'!$F$2:$F$61,"Y") -> 27 | D6: =IF(B6=0,"",C6/B6) -> 0.93103448 | E6: =IF(B6=0,"",((C6+1.96^2/2)/(B6+1.96^2))-1.96*SQRT(C6*(B6-C6)/B6+1.96^2/4)/(B6+1.96^2)) -> 0.78035052 | F6: =IF(B6=0,"",((C6+1.96^2/2)/(B6+1.96^2))+1.96*SQRT(C6*(B6-C6)/B6+1.96^2/4)/(B6+1.96^2)) -> 0.98087914 | G6: ='Live Test'!#REF! -> #REF! | H6: =IF(B6+G6=0,"",B6/(B6+G6)) -> #REF!
A7: Vertical | B7: =COUNTIFS('Live Test'!$B$2:$B$61,"Vertical",'Live Test'!$F$2:$F$61,"<>") -> 30 | C7: =COUNTIFS('Live Test'!$B$2:$B$61,"Vertical",'Live Test'!$F$2:$F$61,"Y") -> 27 | D7: =IF(B7=0,"",C7/B7) -> 0.9 | E7: =IF(B7=0,"",((C7+1.96^2/2)/(B7+1.96^2))-1.96*SQRT(C7*(B7-C7)/B7+1.96^2/4)/(B7+1.96^2)) -> 0.74378559 | F7: =IF(B7=0,"",((C7+1.96^2/2)/(B7+1.96^2))+1.96*SQRT(C7*(B7-C7)/B7+1.96^2/4)/(B7+1.96^2)) -> 0.96540074 | G7: ='Live Test'!#REF! -> #REF! | H7: =IF(B7+G7=0,"",B7/(B7+G7)) -> #REF!
A8: Total | B8: =B6+B7 -> 59 | C8: =C6+C7 -> 54 | D8: =IF(B8=0,"",C8/B8) -> 0.91525424 | E8: =IF(B8=0,"",((C8+1.96^2/2)/(B8+1.96^2))-1.96*SQRT(C8*(B8-C8)/B8+1.96^2/4)/(B8+1.96^2)) -> 0.81647975 | F8: =IF(B8=0,"",((C8+1.96^2/2)/(B8+1.96^2))+1.96*SQRT(C8*(B8-C8)/B8+1.96^2/4)/(B8+1.96^2)) -> 0.96325851 | G8: =G6+G7 -> #REF! | H8: =IF(B8+G8=0,"",B8/(B8+G8)) -> #REF!
A10: Accuracy per zone
A11: Zone struck | B11: Horizontal | C11: Vertical | D11: Total
A12: Bottom | B12: =IFERROR(COUNTIFS('Live Test'!$B$2:$B$61,"Horizontal",'Live Test'!$C$2:$C$61,$A12,'Live Test'!$F$2:$F$61,"Y")/COUNTIFS('Live Test'!$B$2:$B$61,"Horizontal",'Live Test'!$C$2:$C$61,$A12,'Live Test'!$F$2:$F$61,"<>"),"") -> 1 | C12: =IFERROR(COUNTIFS('Live Test'!$B$2:$B$61,"Vertical",'Live Test'!$C$2:$C$61,$A12,'Live Test'!$F$2:$F$61,"Y")/COUNTIFS('Live Test'!$B$2:$B$61,"Vertical",'Live Test'!$C$2:$C$61,$A12,'Live Test'!$F$2:$F$61,"<>"),"") -> 1 | D12: =IFERROR(COUNTIFS('Live Test'!$C$2:$C$61,$A12,'Live Test'!$F$2:$F$61,"Y")/COUNTIFS('Live Test'!$C$2:$C$61,$A12,'Live Test'!$F$2:$F$61,"<>"),"") -> 1
A13: Middle | B13: =IFERROR(COUNTIFS('Live Test'!$B$2:$B$61,"Horizontal",'Live Test'!$C$2:$C$61,$A13,'Live Test'!$F$2:$F$61,"Y")/COUNTIFS('Live Test'!$B$2:$B$61,"Horizontal",'Live Test'!$C$2:$C$61,$A13,'Live Test'!$F$2:$F$61,"<>"),"") -> 0.88888889 | C13: =IFERROR(COUNTIFS('Live Test'!$B$2:$B$61,"Vertical",'Live Test'!$C$2:$C$61,$A13,'Live Test'!$F$2:$F$61,"Y")/COUNTIFS('Live Test'!$B$2:$B$61,"Vertical",'Live Test'!$C$2:$C$61,$A13,'Live Test'!$F$2:$F$61,"<>"),"") -> 0.9 | D13: =IFERROR(COUNTIFS('Live Test'!$C$2:$C$61,$A13,'Live Test'!$F$2:$F$61,"Y")/COUNTIFS('Live Test'!$C$2:$C$61,$A13,'Live Test'!$F$2:$F$61,"<>"),"") -> 0.89473684
A14: Top | B14: =IFERROR(COUNTIFS('Live Test'!$B$2:$B$61,"Horizontal",'Live Test'!$C$2:$C$61,$A14,'Live Test'!$F$2:$F$61,"Y")/COUNTIFS('Live Test'!$B$2:$B$61,"Horizontal",'Live Test'!$C$2:$C$61,$A14,'Live Test'!$F$2:$F$61,"<>"),"") -> 0.90909091 | C14: =IFERROR(COUNTIFS('Live Test'!$B$2:$B$61,"Vertical",'Live Test'!$C$2:$C$61,$A14,'Live Test'!$F$2:$F$61,"Y")/COUNTIFS('Live Test'!$B$2:$B$61,"Vertical",'Live Test'!$C$2:$C$61,$A14,'Live Test'!$F$2:$F$61,"<>"),"") -> 0.8 | D14: =IFERROR(COUNTIFS('Live Test'!$C$2:$C$61,$A14,'Live Test'!$F$2:$F$61,"Y")/COUNTIFS('Live Test'!$C$2:$C$61,$A14,'Live Test'!$F$2:$F$61,"<>"),"") -> 0.85714286
A16: Accuracy per strength
A17: Strength | B17: Clashes | C17: Correct | D17: Accuracy
A18: Light | B18: =COUNTIFS('Live Test'!$D$2:$D$61,A18,'Live Test'!$F$2:$F$61,"<>") -> 19 | C18: =COUNTIFS('Live Test'!$D$2:$D$61,A18,'Live Test'!$F$2:$F$61,"Y") -> 15 | D18: =IF(B18=0,"",C18/B18) -> 0.78947368
A19: Medium | B19: =COUNTIFS('Live Test'!$D$2:$D$61,A19,'Live Test'!$F$2:$F$61,"<>") -> 23 | C19: =COUNTIFS('Live Test'!$D$2:$D$61,A19,'Live Test'!$F$2:$F$61,"Y") -> 22 | D19: =IF(B19=0,"",C19/B19) -> 0.95652174
A20: Hard | B20: =COUNTIFS('Live Test'!$D$2:$D$61,A20,'Live Test'!$F$2:$F$61,"<>") -> 17 | C20: =COUNTIFS('Live Test'!$D$2:$D$61,A20,'Live Test'!$F$2:$F$61,"Y") -> 17 | D20: =IF(B20=0,"",C20/B20) -> 1
A22: Confusion matrix – Horizontal (needs "Zone shown on blade")
A23: Struck \ Shown | B23: Bottom | C23: Middle | D23: Top | E23: None
A24: Bottom | B24: =COUNTIFS('Live Test'!$B$2:$B$61,"Horizontal",'Live Test'!$C$2:$C$61,$A24,'Live Test'!$E$2:$E$61,"Bottom") -> 9 | C24: =COUNTIFS('Live Test'!$B$2:$B$61,"Horizontal",'Live Test'!$C$2:$C$61,$A24,'Live Test'!$E$2:$E$61,"Middle") -> 0 | D24: =COUNTIFS('Live Test'!$B$2:$B$61,"Horizontal",'Live Test'!$C$2:$C$61,$A24,'Live Test'!$E$2:$E$61,"Top") -> 0 | E24: =COUNTIFS('Live Test'!$B$2:$B$61,"Horizontal",'Live Test'!$C$2:$C$61,$A24,'Live Test'!$E$2:$E$61,"None") -> 0
A25: Middle | B25: =COUNTIFS('Live Test'!$B$2:$B$61,"Horizontal",'Live Test'!$C$2:$C$61,$A25,'Live Test'!$E$2:$E$61,"Bottom") -> 0 | C25: =COUNTIFS('Live Test'!$B$2:$B$61,"Horizontal",'Live Test'!$C$2:$C$61,$A25,'Live Test'!$E$2:$E$61,"Middle") -> 9 | D25: =COUNTIFS('Live Test'!$B$2:$B$61,"Horizontal",'Live Test'!$C$2:$C$61,$A25,'Live Test'!$E$2:$E$61,"Top") -> 0 | E25: =COUNTIFS('Live Test'!$B$2:$B$61,"Horizontal",'Live Test'!$C$2:$C$61,$A25,'Live Test'!$E$2:$E$61,"None") -> 0
A26: Top | B26: =COUNTIFS('Live Test'!$B$2:$B$61,"Horizontal",'Live Test'!$C$2:$C$61,$A26,'Live Test'!$E$2:$E$61,"Bottom") -> 1 | C26: =COUNTIFS('Live Test'!$B$2:$B$61,"Horizontal",'Live Test'!$C$2:$C$61,$A26,'Live Test'!$E$2:$E$61,"Middle") -> 0 | D26: =COUNTIFS('Live Test'!$B$2:$B$61,"Horizontal",'Live Test'!$C$2:$C$61,$A26,'Live Test'!$E$2:$E$61,"Top") -> 10 | E26: =COUNTIFS('Live Test'!$B$2:$B$61,"Horizontal",'Live Test'!$C$2:$C$61,$A26,'Live Test'!$E$2:$E$61,"None") -> 0
A28: Confusion matrix – Vertical (needs "Zone shown on blade")
A29: Struck \ Shown | B29: Bottom | C29: Middle | D29: Top | E29: None
A30: Bottom | B30: =COUNTIFS('Live Test'!$B$2:$B$61,"Vertical",'Live Test'!$C$2:$C$61,$A30,'Live Test'!$E$2:$E$61,"Bottom") -> 10 | C30: =COUNTIFS('Live Test'!$B$2:$B$61,"Vertical",'Live Test'!$C$2:$C$61,$A30,'Live Test'!$E$2:$E$61,"Middle") -> 0 | D30: =COUNTIFS('Live Test'!$B$2:$B$61,"Vertical",'Live Test'!$C$2:$C$61,$A30,'Live Test'!$E$2:$E$61,"Top") -> 0 | E30: =COUNTIFS('Live Test'!$B$2:$B$61,"Vertical",'Live Test'!$C$2:$C$61,$A30,'Live Test'!$E$2:$E$61,"None") -> 0
A31: Middle | B31: =COUNTIFS('Live Test'!$B$2:$B$61,"Vertical",'Live Test'!$C$2:$C$61,$A31,'Live Test'!$E$2:$E$61,"Bottom") -> 1 | C31: =COUNTIFS('Live Test'!$B$2:$B$61,"Vertical",'Live Test'!$C$2:$C$61,$A31,'Live Test'!$E$2:$E$61,"Middle") -> 9 | D31: =COUNTIFS('Live Test'!$B$2:$B$61,"Vertical",'Live Test'!$C$2:$C$61,$A31,'Live Test'!$E$2:$E$61,"Top") -> 0 | E31: =COUNTIFS('Live Test'!$B$2:$B$61,"Vertical",'Live Test'!$C$2:$C$61,$A31,'Live Test'!$E$2:$E$61,"None") -> 0
A32: Top | B32: =COUNTIFS('Live Test'!$B$2:$B$61,"Vertical",'Live Test'!$C$2:$C$61,$A32,'Live Test'!$E$2:$E$61,"Bottom") -> 0 | C32: =COUNTIFS('Live Test'!$B$2:$B$61,"Vertical",'Live Test'!$C$2:$C$61,$A32,'Live Test'!$E$2:$E$61,"Middle") -> 2 | D32: =COUNTIFS('Live Test'!$B$2:$B$61,"Vertical",'Live Test'!$C$2:$C$61,$A32,'Live Test'!$E$2:$E$61,"Top") -> 8 | E32: =COUNTIFS('Live Test'!$B$2:$B$61,"Vertical",'Live Test'!$C$2:$C$61,$A32,'Live Test'!$E$2:$E$61,"None") -> 0
A34: Rows to check (Y/N disagrees with zone shown) | B34: =COUNTIF('Live Test'!#REF!,"check") -> #REF!
